{"cameraMode":{"drawMode":0,"name":"Shaded","section":"Shading Mode"},"sceneLighting":false,"audioPlay":false,"sceneViewState":{"m_AlwaysRefresh":false,"showFog":true,"showSkybox":false,"showFlares":true,"showImageEffects":true,"showParticleSystems":true,"showVisualEffectGraphs":true,"m_FxEnabled":true},"in2DMode":false,"pivot":{"x":-0.05188882350921631,"y":0.09390711784362793,"z":-0.017504453659057618},"rotation":{"x":0.12476545572280884,"y":-0.861753523349762,"z":0.256124347448349,"w":0.4197831451892853},"size":2.7153637409210207,"orthographic":false}